{
    "data": {
        "d": [
            {
                "i": {
                    "height": 1350,
                    "imageUrl": "https://m.media-amazon.com/images/M/MV5BMWY3ZjgwMTctZTZmMS00ZTMwLTkwYWEtNTVkMDgwNjA5ODBiXkEyXkFqcGc@._V1_.jpg",
                    "width": 1080
                },
                "id": "tt2085059",
                "l": "Black Mirror",
                "q": "TV series",
                "qid": "tvSeries",
                "rank": 102,
                "s": "Wunmi Mosaku, Monica Dolan",
                "y": 2011
            },
            {
                "i": {
                    "height": 1000,
                    "imageUrl": "https://m.media-amazon.com/images/M/MV5BM2E1NDhhMjgtZTE5My00ZWQ5LWE1YzEtOTdlOTljODhmNmE4XkEyXkFqcGc@._V1_.jpg",
                    "width": 675
                },
                "id": "tt0098844",
                "l": "Law & Order",
                "q": "TV series",
                "qid": "tvSeries",
                "rank": 116,
                "s": "Jerry Orbach, Jesse L. Martin",
                "y": 1990
            },
            {
                "i": {
                    "height": 1000,
                    "imageUrl": "https://m.media-amazon.com/images/M/MV5BNDk4MGU4NTItNDMyMC00NjQ0LWFlMWUtYzJlMTM1M2M2ZTU3XkEyXkFqcGc@._V1_.jpg",
                    "width": 675
                },
                "id": "tt2741602",
                "l": "The Blacklist",
                "q": "TV series",
                "qid": "tvSeries",
                "rank": 172,
                "s": "James Spader, Megan Boone",
                "y": 2013,
                "yr": "2013-2023"
            },
            {
                "i": {
                    "height": 1350,
                    "imageUrl": "https://m.media-amazon.com/images/M/MV5BNmFkZjgyMDQtZTFkNy00ZjkzLWJlZmItYWJmMWU2NGViNzg2XkEyXkFqcGc@._V1_.jpg",
                    "width": 1080
                },
                "id": "tt19367194",
                "l": "Qorin",
                "q": "feature",
                "qid": "movie",
                "rank": 44362,
                "s": "Zulfa Maharani, Omar Daniel",
                "y": 2022
            },
            {
                "i": {
                    "height": 900,
                    "imageUrl": "https://m.media-amazon.com/images/M/MV5BYWFhYTJlMjItYjZmNC00OGRjLWI4MzUtNzY0OGZhZjcwYjQxXkEyXkFqcGc@._V1_.jpg",
                    "width": 600
                },
                "id": "tt18436986",
                "l": "Qodrat",
                "q": "feature",
                "qid": "movie",
                "rank": 53474,
                "s": "Vino G. Bastian, Marsha Timothy",
                "y": 2022
            },
            {
                "i": {
                    "height": 2048,
                    "imageUrl": "https://m.media-amazon.com/images/M/MV5BMTMxNTMwODM0NF5BMl5BanBnXkFtZTcwODAyMTk2Mw@@._V1_.jpg",
                    "width": 1383
                },
                "id": "tt0468569",
                "l": "The Dark Knight",
                "q": "feature",
                "qid": "movie",
                "rank": 278,
                "s": "Christian Bale, Heath Ledger",
                "y": 2008
            },
            {
                "i": {
                    "height": 3000,
                    "imageUrl": "https://m.media-amazon.com/images/M/MV5BNzNmMDBhYmUtN2NmMC00NjNkLWJjMjAtOWJkY2E2YWMzZDJkXkEyXkFqcGc@._V1_.jpg",
                    "width": 2000
                },
                "id": "tt19231492",
                "l": "Dark Matter",
                "q": "TV series",
                "qid": "tvSeries",
                "rank": 303,
                "s": "Joel Edgerton, Jennifer Connelly",
                "y": 2024
            },
            {
                "i": {
                    "height": 1241,
                    "imageUrl": "https://m.media-amazon.com/images/M/MV5BZjkxZWJiNTUtYjQwYS00MTBlLTgwODQtM2FkNWMyMjMwOGZiXkEyXkFqcGc@._V1_.jpg",
                    "width": 824
                },
                "id": "tt6468322",
                "l": "Money Heist",
                "q": "TV series",
                "qid": "tvSeries",
                "rank": 378,
                "s": "Úrsula Corberó, Álvaro Morte",
                "y": 2017,
                "yr": "2017-2021"
            }
        ],
        "q": "qo",
        "v": 1
    },
    "status": true,
    "message": "Successful"
}